"ID","Predicted_Value"
1000242,4.91564727560766
1000308,4.92779761563598
1000423,4.88960413373508
1000475,4.90115808805956
1001124,4.90918151329984
